guid,text,back extra,tags
bJ//zA|+oX,Times Table<br><br>{{c1::2::number}} x {{c2::1::times}} = {{c3::2::answer}},,ttx2
zje-cK/p6J,Times Table<br><br>{{c1::2::number}} x {{c2::2::times}} = {{c3::4::answer}},,ttx2
"j_I6B%4CC,",Times Table<br><br>{{c1::2::number}} x {{c2::3::times}} = {{c3::6::answer}},,ttx2
Lu`mP||lqt,Times Table<br><br>{{c1::2::number}} x {{c2::4::times}} = {{c3::8::answer}},,ttx2
gSZC@8(=4o,Times Table<br><br>{{c1::2::number}} x {{c2::5::times}} = {{c3::10::answer}},,ttx2
e4*P(v#.j6,Times Table<br><br>{{c1::2::number}} x {{c2::6::times}} = {{c3::12::answer}},,ttx2
l:N}vtTlsA,Times Table<br><br>{{c1::2::number}} x {{c2::7::times}} = {{c3::14::answer}},,ttx2
Em`]>cYi#Y,Times Table<br><br>{{c1::2::number}} x {{c2::8::times}} = {{c3::16::answer}},,ttx2
D2OXv-EeU7,Times Table<br><br>{{c1::2::number}} x {{c2::9::times}} = {{c3::18::answer}},,ttx2
wf17x)DJm4,Times Table<br><br>{{c1::2::number}} x {{c2::10::times}} = {{c3::20::answer}},,ttx2
eath[Kg]HL,Times Table<br><br>{{c1::2::number}} x {{c2::11::times}} = {{c3::22::answer}},,ttx2
gitaxiZ[j^,Times Table<br><br>{{c1::2::number}} x {{c2::12::times}} = {{c3::24::answer}},,ttx2
HT[8dT<0l@,Times Table<br><br>{{c1::2::number}} x {{c2::13::times}} = {{c3::26::answer}},,ttx2
BX)S->.g@-,Times Table<br><br>{{c1::2::number}} x {{c2::14::times}} = {{c3::28::answer}},,ttx2
M4>|x}GJ:e,Times Table<br><br>{{c1::2::number}} x {{c2::15::times}} = {{c3::30::answer}},,ttx2
"lx,1lDX```",Times Table<br><br>{{c1::2::number}} x {{c2::16::times}} = {{c3::32::answer}},,ttx2
"BbIr?iI,m`",Times Table<br><br>{{c1::2::number}} x {{c2::17::times}} = {{c3::34::answer}},,ttx2
se7X{+|>6&,Times Table<br><br>{{c1::2::number}} x {{c2::18::times}} = {{c3::36::answer}},,ttx2
dw1.5eE|k.,Times Table<br><br>{{c1::2::number}} x {{c2::19::times}} = {{c3::38::answer}},,ttx2
H#<)*c|:O:,Times Table<br><br>{{c1::2::number}} x {{c2::20::times}} = {{c3::40::answer}},,ttx2
woD*-=f_7=,Times Table<br><br>{{c1::3::number}} x {{c2::1::times}} = {{c3::3::answer}},,ttx3
k*TA;~E1.9,Times Table<br><br>{{c1::3::number}} x {{c2::2::times}} = {{c3::6::answer}},,ttx3
"i,3pT[8$:~",Times Table<br><br>{{c1::3::number}} x {{c2::3::times}} = {{c3::9::answer}},,ttx3
d8M<PN89_E,Times Table<br><br>{{c1::3::number}} x {{c2::4::times}} = {{c3::12::answer}},,ttx3
NcF_`_8hX_,Times Table<br><br>{{c1::3::number}} x {{c2::5::times}} = {{c3::15::answer}},,ttx3
FI/+e$b&JA,Times Table<br><br>{{c1::3::number}} x {{c2::6::times}} = {{c3::18::answer}},,ttx3
kC[H=uczHS,Times Table<br><br>{{c1::3::number}} x {{c2::7::times}} = {{c3::21::answer}},,ttx3
G.WN3sEP[0,Times Table<br><br>{{c1::3::number}} x {{c2::8::times}} = {{c3::24::answer}},,ttx3
wsGT0|}~J9,Times Table<br><br>{{c1::3::number}} x {{c2::9::times}} = {{c3::27::answer}},,ttx3
uBDvmx8<=-,Times Table<br><br>{{c1::3::number}} x {{c2::10::times}} = {{c3::30::answer}},,ttx3
M.&hzY[p.d,Times Table<br><br>{{c1::3::number}} x {{c2::11::times}} = {{c3::33::answer}},,ttx3
Q)pUx|ZiSe,Times Table<br><br>{{c1::3::number}} x {{c2::12::times}} = {{c3::36::answer}},,ttx3
"c2o,*L/,7T",Times Table<br><br>{{c1::3::number}} x {{c2::13::times}} = {{c3::39::answer}},,ttx3
"pmHWjVokd,",Times Table<br><br>{{c1::3::number}} x {{c2::14::times}} = {{c3::42::answer}},,ttx3
A3[G6~Sg.f,Times Table<br><br>{{c1::3::number}} x {{c2::15::times}} = {{c3::45::answer}},,ttx3
o&EYu13<V`,Times Table<br><br>{{c1::3::number}} x {{c2::16::times}} = {{c3::48::answer}},,ttx3
k{N~H=Xd[;,Times Table<br><br>{{c1::3::number}} x {{c2::17::times}} = {{c3::51::answer}},,ttx3
L}EgblB{Bk,Times Table<br><br>{{c1::3::number}} x {{c2::18::times}} = {{c3::54::answer}},,ttx3
y/DAE.a[go,Times Table<br><br>{{c1::3::number}} x {{c2::19::times}} = {{c3::57::answer}},,ttx3
bA|wza|5<G,Times Table<br><br>{{c1::3::number}} x {{c2::20::times}} = {{c3::60::answer}},,ttx3
QQ!BliF$m&,Times Table<br><br>{{c1::4::number}} x {{c2::1::times}} = {{c3::4::answer}},,ttx4
"g,*?Fz#G|U",Times Table<br><br>{{c1::4::number}} x {{c2::2::times}} = {{c3::8::answer}},,ttx4
LRBa;R>>!/,Times Table<br><br>{{c1::4::number}} x {{c2::3::times}} = {{c3::12::answer}},,ttx4
"tteT6,y0UW",Times Table<br><br>{{c1::4::number}} x {{c2::4::times}} = {{c3::16::answer}},,ttx4
cFSqh[XNv0,Times Table<br><br>{{c1::4::number}} x {{c2::5::times}} = {{c3::20::answer}},,ttx4
pP=jU!II;/,Times Table<br><br>{{c1::4::number}} x {{c2::6::times}} = {{c3::24::answer}},,ttx4
dIm%)SDx:f,Times Table<br><br>{{c1::4::number}} x {{c2::7::times}} = {{c3::28::answer}},,ttx4
qFBsUF?#@3,Times Table<br><br>{{c1::4::number}} x {{c2::8::times}} = {{c3::32::answer}},,ttx4
GSif&MkS]D,Times Table<br><br>{{c1::4::number}} x {{c2::9::times}} = {{c3::36::answer}},,ttx4
r&RtV3c.+$,Times Table<br><br>{{c1::4::number}} x {{c2::10::times}} = {{c3::40::answer}},,ttx4
FK[:mC5.s3,Times Table<br><br>{{c1::4::number}} x {{c2::11::times}} = {{c3::44::answer}},,ttx4
NImMXc[++-,Times Table<br><br>{{c1::4::number}} x {{c2::12::times}} = {{c3::48::answer}},,ttx4
ME*OS>6ODV,Times Table<br><br>{{c1::4::number}} x {{c2::13::times}} = {{c3::52::answer}},,ttx4
M[:WmQ7iN_,Times Table<br><br>{{c1::4::number}} x {{c2::14::times}} = {{c3::56::answer}},,ttx4
C|LUCr$g^#,Times Table<br><br>{{c1::4::number}} x {{c2::15::times}} = {{c3::60::answer}},,ttx4
eny=7hW^ZA,Times Table<br><br>{{c1::4::number}} x {{c2::16::times}} = {{c3::64::answer}},,ttx4
"s(GWht,`uR",Times Table<br><br>{{c1::4::number}} x {{c2::17::times}} = {{c3::68::answer}},,ttx4
EFfHl1W1/W,Times Table<br><br>{{c1::4::number}} x {{c2::18::times}} = {{c3::72::answer}},,ttx4
pA&0j@SIW<,Times Table<br><br>{{c1::4::number}} x {{c2::19::times}} = {{c3::76::answer}},,ttx4
tZO)OJGf64,Times Table<br><br>{{c1::4::number}} x {{c2::20::times}} = {{c3::80::answer}},,ttx4
E[`iVTA%{/,Times Table<br><br>{{c1::5::number}} x {{c2::1::times}} = {{c3::5::answer}},,ttx5
lNsZr)vYq!,Times Table<br><br>{{c1::5::number}} x {{c2::2::times}} = {{c3::10::answer}},,ttx5
BP{MoQ2A=X,Times Table<br><br>{{c1::5::number}} x {{c2::3::times}} = {{c3::15::answer}},,ttx5
jG>H/6B6-E,Times Table<br><br>{{c1::5::number}} x {{c2::4::times}} = {{c3::20::answer}},,ttx5
isApNDVzxf,Times Table<br><br>{{c1::5::number}} x {{c2::5::times}} = {{c3::25::answer}},,ttx5
lLONuaPOCz,Times Table<br><br>{{c1::5::number}} x {{c2::6::times}} = {{c3::30::answer}},,ttx5
"ff}[gYj,0x",Times Table<br><br>{{c1::5::number}} x {{c2::7::times}} = {{c3::35::answer}},,ttx5
I_)}?m@ALQ,Times Table<br><br>{{c1::5::number}} x {{c2::8::times}} = {{c3::40::answer}},,ttx5
"DTHC,u&v#b",Times Table<br><br>{{c1::5::number}} x {{c2::9::times}} = {{c3::45::answer}},,ttx5
HqjXAe/n:^,Times Table<br><br>{{c1::5::number}} x {{c2::10::times}} = {{c3::50::answer}},,ttx5
xO:RG$QvaU,Times Table<br><br>{{c1::5::number}} x {{c2::11::times}} = {{c3::55::answer}},,ttx5
fj|#]KDOlH,Times Table<br><br>{{c1::5::number}} x {{c2::12::times}} = {{c3::60::answer}},,ttx5
kwA}L$+$Ju,Times Table<br><br>{{c1::5::number}} x {{c2::13::times}} = {{c3::65::answer}},,ttx5
EnB#Sc#3.!,Times Table<br><br>{{c1::5::number}} x {{c2::14::times}} = {{c3::70::answer}},,ttx5
p2iTn$o5;{,Times Table<br><br>{{c1::5::number}} x {{c2::15::times}} = {{c3::75::answer}},,ttx5
e<s*W<?r*g,Times Table<br><br>{{c1::5::number}} x {{c2::16::times}} = {{c3::80::answer}},,ttx5
iXs2W>CpMN,Times Table<br><br>{{c1::5::number}} x {{c2::17::times}} = {{c3::85::answer}},,ttx5
PZl}tQDD|U,Times Table<br><br>{{c1::5::number}} x {{c2::18::times}} = {{c3::90::answer}},,ttx5
J&(xXD8F/<,Times Table<br><br>{{c1::5::number}} x {{c2::19::times}} = {{c3::95::answer}},,ttx5
eZWEl(*Z|b,Times Table<br><br>{{c1::5::number}} x {{c2::20::times}} = {{c3::100::answer}},,ttx5
ASA!EO~tvW,Times Table<br><br>{{c1::6::number}} x {{c2::1::times}} = {{c3::6::answer}},,ttx6
"Qy,!+(!9d5",Times Table<br><br>{{c1::6::number}} x {{c2::2::times}} = {{c3::12::answer}},,ttx6
"B$(qrW|!,|",Times Table<br><br>{{c1::6::number}} x {{c2::3::times}} = {{c3::18::answer}},,ttx6
zr=5$Onzf`,Times Table<br><br>{{c1::6::number}} x {{c2::4::times}} = {{c3::24::answer}},,ttx6
Pv?tH5`4$J,Times Table<br><br>{{c1::6::number}} x {{c2::5::times}} = {{c3::30::answer}},,ttx6
xt]oD%RCc*,Times Table<br><br>{{c1::6::number}} x {{c2::6::times}} = {{c3::36::answer}},,ttx6
K:XJ^YrHbo,Times Table<br><br>{{c1::6::number}} x {{c2::7::times}} = {{c3::42::answer}},,ttx6
u)-y+oc*)P,Times Table<br><br>{{c1::6::number}} x {{c2::8::times}} = {{c3::48::answer}},,ttx6
P(#Q8mYuYc,Times Table<br><br>{{c1::6::number}} x {{c2::9::times}} = {{c3::54::answer}},,ttx6
s-5?UlX{V[,Times Table<br><br>{{c1::6::number}} x {{c2::10::times}} = {{c3::60::answer}},,ttx6
"LXX&_8A,~^",Times Table<br><br>{{c1::6::number}} x {{c2::11::times}} = {{c3::66::answer}},,ttx6
g*N+Nu[yy`,Times Table<br><br>{{c1::6::number}} x {{c2::12::times}} = {{c3::72::answer}},,ttx6
FTmP]A(<v-,Times Table<br><br>{{c1::6::number}} x {{c2::13::times}} = {{c3::78::answer}},,ttx6
B07pz`!C/K,Times Table<br><br>{{c1::6::number}} x {{c2::14::times}} = {{c3::84::answer}},,ttx6
xd^qI*_:Wy,Times Table<br><br>{{c1::6::number}} x {{c2::15::times}} = {{c3::90::answer}},,ttx6
[Z`Cs&v/P,Times Table<br><br>{{c1::6::number}} x {{c2::16::times}} = {{c3::96::answer}},,ttx6
r~6AvsH?Kg,Times Table<br><br>{{c1::6::number}} x {{c2::17::times}} = {{c3::102::answer}},,ttx6
o=c)9Oz+PC,Times Table<br><br>{{c1::6::number}} x {{c2::18::times}} = {{c3::108::answer}},,ttx6
"j8mOo,J1Fe",Times Table<br><br>{{c1::6::number}} x {{c2::19::times}} = {{c3::114::answer}},,ttx6
LL/v+a!kh,Times Table<br><br>{{c1::6::number}} x {{c2::20::times}} = {{c3::120::answer}},,ttx6
zl2*rA3l1_,Times Table<br><br>{{c1::7::number}} x {{c2::1::times}} = {{c3::7::answer}},,ttx7
"e+r7m,:}hz",Times Table<br><br>{{c1::7::number}} x {{c2::2::times}} = {{c3::14::answer}},,ttx7
"o]myCYa%l,",Times Table<br><br>{{c1::7::number}} x {{c2::3::times}} = {{c3::21::answer}},,ttx7
d_u4nY&1/},Times Table<br><br>{{c1::7::number}} x {{c2::4::times}} = {{c3::28::answer}},,ttx7
vh)1)S~Yml,Times Table<br><br>{{c1::7::number}} x {{c2::5::times}} = {{c3::35::answer}},,ttx7
Oqo:qvrri*,Times Table<br><br>{{c1::7::number}} x {{c2::6::times}} = {{c3::42::answer}},,ttx7
rK~Ho2GYT],Times Table<br><br>{{c1::7::number}} x {{c2::7::times}} = {{c3::49::answer}},,ttx7
m#|^W`&c^H,Times Table<br><br>{{c1::7::number}} x {{c2::8::times}} = {{c3::56::answer}},,ttx7
tceRpuL5iS,Times Table<br><br>{{c1::7::number}} x {{c2::9::times}} = {{c3::63::answer}},,ttx7
E$C&RR6$#v,Times Table<br><br>{{c1::7::number}} x {{c2::10::times}} = {{c3::70::answer}},,ttx7
o8pl+@14i&,Times Table<br><br>{{c1::7::number}} x {{c2::11::times}} = {{c3::77::answer}},,ttx7
xs/S?L$:rd,Times Table<br><br>{{c1::7::number}} x {{c2::12::times}} = {{c3::84::answer}},,ttx7
BZ0[;[2;v@,Times Table<br><br>{{c1::7::number}} x {{c2::13::times}} = {{c3::91::answer}},,ttx7
"t%*<d=eV,s",Times Table<br><br>{{c1::7::number}} x {{c2::14::times}} = {{c3::98::answer}},,ttx7
p<YC6Oe_}5,Times Table<br><br>{{c1::7::number}} x {{c2::15::times}} = {{c3::105::answer}},,ttx7
KNfCdUB9C$,Times Table<br><br>{{c1::7::number}} x {{c2::16::times}} = {{c3::112::answer}},,ttx7
v8S2to93R),Times Table<br><br>{{c1::7::number}} x {{c2::17::times}} = {{c3::119::answer}},,ttx7
"gO,*KJ.=p]",Times Table<br><br>{{c1::7::number}} x {{c2::18::times}} = {{c3::126::answer}},,ttx7
l6%:8})@2X,Times Table<br><br>{{c1::7::number}} x {{c2::19::times}} = {{c3::133::answer}},,ttx7
Be]-*9n{rT,Times Table<br><br>{{c1::7::number}} x {{c2::20::times}} = {{c3::140::answer}},,ttx7
ws}0?I4bzR,Times Table<br><br>{{c1::8::number}} x {{c2::1::times}} = {{c3::8::answer}},,ttx8
HQ}`3H8aQ;,Times Table<br><br>{{c1::8::number}} x {{c2::2::times}} = {{c3::16::answer}},,ttx8
rOrCOJ1/!i,Times Table<br><br>{{c1::8::number}} x {{c2::3::times}} = {{c3::24::answer}},,ttx8
h[(bfbq3J+,Times Table<br><br>{{c1::8::number}} x {{c2::4::times}} = {{c3::32::answer}},,ttx8
et3tIK>5*W,Times Table<br><br>{{c1::8::number}} x {{c2::5::times}} = {{c3::40::answer}},,ttx8
n>ajS63`^h,Times Table<br><br>{{c1::8::number}} x {{c2::6::times}} = {{c3::48::answer}},,ttx8
gP+fS<D>aC,Times Table<br><br>{{c1::8::number}} x {{c2::7::times}} = {{c3::56::answer}},,ttx8
pf(Jk#9{7a,Times Table<br><br>{{c1::8::number}} x {{c2::8::times}} = {{c3::64::answer}},,ttx8
C;8PA[]FPk,Times Table<br><br>{{c1::8::number}} x {{c2::9::times}} = {{c3::72::answer}},,ttx8
bEkQg2Mm;2,Times Table<br><br>{{c1::8::number}} x {{c2::10::times}} = {{c3::80::answer}},,ttx8
Q--3$E^7UD,Times Table<br><br>{{c1::8::number}} x {{c2::11::times}} = {{c3::88::answer}},,ttx8
ChM5-bS;17,Times Table<br><br>{{c1::8::number}} x {{c2::12::times}} = {{c3::96::answer}},,ttx8
nx&^tJ=HJJ,Times Table<br><br>{{c1::8::number}} x {{c2::13::times}} = {{c3::104::answer}},,ttx8
z%<;l2h@uj,Times Table<br><br>{{c1::8::number}} x {{c2::14::times}} = {{c3::112::answer}},,ttx8
"H.~>$,4M?X",Times Table<br><br>{{c1::8::number}} x {{c2::15::times}} = {{c3::120::answer}},,ttx8
Q1WG[NdZ}!,Times Table<br><br>{{c1::8::number}} x {{c2::16::times}} = {{c3::128::answer}},,ttx8
Q_B8Cj_d*+,Times Table<br><br>{{c1::8::number}} x {{c2::17::times}} = {{c3::136::answer}},,ttx8
r{BNP!suEd,Times Table<br><br>{{c1::8::number}} x {{c2::18::times}} = {{c3::144::answer}},,ttx8
fgu~0=}:NQ,Times Table<br><br>{{c1::8::number}} x {{c2::19::times}} = {{c3::152::answer}},,ttx8
)[(~9z.Mq,Times Table<br><br>{{c1::8::number}} x {{c2::20::times}} = {{c3::160::answer}},,ttx8
"u4d)&J],dd",Times Table<br><br>{{c1::9::number}} x {{c2::1::times}} = {{c3::9::answer}},,ttx9
qbrzOZ^>Np,Times Table<br><br>{{c1::9::number}} x {{c2::2::times}} = {{c3::18::answer}},,ttx9
N>f<-4n;w[,Times Table<br><br>{{c1::9::number}} x {{c2::3::times}} = {{c3::27::answer}},,ttx9
qNy96#9P3J,Times Table<br><br>{{c1::9::number}} x {{c2::4::times}} = {{c3::36::answer}},,ttx9
FAthGbt_i`,Times Table<br><br>{{c1::9::number}} x {{c2::5::times}} = {{c3::45::answer}},,ttx9
j1mP+SJfwE,Times Table<br><br>{{c1::9::number}} x {{c2::6::times}} = {{c3::54::answer}},,ttx9
xXi%<$skow,Times Table<br><br>{{c1::9::number}} x {{c2::7::times}} = {{c3::63::answer}},,ttx9
N-Rwz=MWkT,Times Table<br><br>{{c1::9::number}} x {{c2::8::times}} = {{c3::72::answer}},,ttx9
P[xa?3dnk},Times Table<br><br>{{c1::9::number}} x {{c2::9::times}} = {{c3::81::answer}},,ttx9
h$DYYW9+p[,Times Table<br><br>{{c1::9::number}} x {{c2::10::times}} = {{c3::90::answer}},,ttx9
q)jHl^l#D`,Times Table<br><br>{{c1::9::number}} x {{c2::11::times}} = {{c3::99::answer}},,ttx9
"NP?,c.&G`R",Times Table<br><br>{{c1::9::number}} x {{c2::12::times}} = {{c3::108::answer}},,ttx9
Lv^yt7[D;F,Times Table<br><br>{{c1::9::number}} x {{c2::13::times}} = {{c3::117::answer}},,ttx9
v2;mF|lQRs,Times Table<br><br>{{c1::9::number}} x {{c2::14::times}} = {{c3::126::answer}},,ttx9
j+AkBq0{Zi,Times Table<br><br>{{c1::9::number}} x {{c2::15::times}} = {{c3::135::answer}},,ttx9
nc_yBfsXe],Times Table<br><br>{{c1::9::number}} x {{c2::16::times}} = {{c3::144::answer}},,ttx9
H:zj{-r&N+,Times Table<br><br>{{c1::9::number}} x {{c2::17::times}} = {{c3::153::answer}},,ttx9
Icdf.BUyoq,Times Table<br><br>{{c1::9::number}} x {{c2::18::times}} = {{c3::162::answer}},,ttx9
g);xcGmTaa,Times Table<br><br>{{c1::9::number}} x {{c2::19::times}} = {{c3::171::answer}},,ttx9
B?e.O-t*iC,Times Table<br><br>{{c1::9::number}} x {{c2::20::times}} = {{c3::180::answer}},,ttx9
O#`C<BulQU,Times Table<br><br>{{c1::10::number}} x {{c2::1::times}} = {{c3::10::answer}},,ttx10
"l=h!x?EL+,",Times Table<br><br>{{c1::10::number}} x {{c2::2::times}} = {{c3::20::answer}},,ttx10
htoGd*Pc5S,Times Table<br><br>{{c1::10::number}} x {{c2::3::times}} = {{c3::30::answer}},,ttx10
m!3p%`)u/L,Times Table<br><br>{{c1::10::number}} x {{c2::4::times}} = {{c3::40::answer}},,ttx10
i7:(YmiDw>,Times Table<br><br>{{c1::10::number}} x {{c2::5::times}} = {{c3::50::answer}},,ttx10
IO9EtzVKby,Times Table<br><br>{{c1::10::number}} x {{c2::6::times}} = {{c3::60::answer}},,ttx10
fy([Q0MmB/,Times Table<br><br>{{c1::10::number}} x {{c2::7::times}} = {{c3::70::answer}},,ttx10
"iXvtQ<W^2,",Times Table<br><br>{{c1::10::number}} x {{c2::8::times}} = {{c3::80::answer}},,ttx10
mEKSdMENOu,Times Table<br><br>{{c1::10::number}} x {{c2::9::times}} = {{c3::90::answer}},,ttx10
"Gr7%T5j<,^",Times Table<br><br>{{c1::10::number}} x {{c2::10::times}} = {{c3::100::answer}},,ttx10
C|]d<=*qEE,Times Table<br><br>{{c1::10::number}} x {{c2::11::times}} = {{c3::110::answer}},,ttx10
k5ZgmJJ@O%,Times Table<br><br>{{c1::10::number}} x {{c2::12::times}} = {{c3::120::answer}},,ttx10
n^a|X@stg8,Times Table<br><br>{{c1::10::number}} x {{c2::13::times}} = {{c3::130::answer}},,ttx10
JO[aWa`hF%,Times Table<br><br>{{c1::10::number}} x {{c2::14::times}} = {{c3::140::answer}},,ttx10
C=QR#f?:v$,Times Table<br><br>{{c1::10::number}} x {{c2::15::times}} = {{c3::150::answer}},,ttx10
p@Y|e/80w,Times Table<br><br>{{c1::10::number}} x {{c2::16::times}} = {{c3::160::answer}},,ttx10
B}+5a%cSTq,Times Table<br><br>{{c1::10::number}} x {{c2::17::times}} = {{c3::170::answer}},,ttx10
I|DDQ0]lWT,Times Table<br><br>{{c1::10::number}} x {{c2::18::times}} = {{c3::180::answer}},,ttx10
cmXMLmi9M[,Times Table<br><br>{{c1::10::number}} x {{c2::19::times}} = {{c3::190::answer}},,ttx10
CkYD@R|cpz,Times Table<br><br>{{c1::10::number}} x {{c2::20::times}} = {{c3::200::answer}},,ttx10
qQuiFm4GZK,Times Table<br><br>{{c1::11::number}} x {{c2::1::times}} = {{c3::11::answer}},,ttx11
b<4v7yWq?v,Times Table<br><br>{{c1::11::number}} x {{c2::2::times}} = {{c3::22::answer}},,ttx11
kT$&`fBU[S,Times Table<br><br>{{c1::11::number}} x {{c2::3::times}} = {{c3::33::answer}},,ttx11
"o/v,MOC%9#",Times Table<br><br>{{c1::11::number}} x {{c2::4::times}} = {{c3::44::answer}},,ttx11
"fc>,_zZ56I",Times Table<br><br>{{c1::11::number}} x {{c2::5::times}} = {{c3::55::answer}},,ttx11
jbBv`+)_-B,Times Table<br><br>{{c1::11::number}} x {{c2::6::times}} = {{c3::66::answer}},,ttx11
lwOclQEuRO,Times Table<br><br>{{c1::11::number}} x {{c2::7::times}} = {{c3::77::answer}},,ttx11
RjPW;NIbHa,Times Table<br><br>{{c1::11::number}} x {{c2::8::times}} = {{c3::88::answer}},,ttx11
hFl[QGC&wO,Times Table<br><br>{{c1::11::number}} x {{c2::9::times}} = {{c3::99::answer}},,ttx11
s4OER2E~Vg,Times Table<br><br>{{c1::11::number}} x {{c2::10::times}} = {{c3::110::answer}},,ttx11
PItS*U>6N+,Times Table<br><br>{{c1::11::number}} x {{c2::11::times}} = {{c3::121::answer}},,ttx11
p+zF!Iz#-K,Times Table<br><br>{{c1::11::number}} x {{c2::12::times}} = {{c3::132::answer}},,ttx11
Gzm(<RxAn@,Times Table<br><br>{{c1::11::number}} x {{c2::13::times}} = {{c3::143::answer}},,ttx11
w6i;>7&X:l,Times Table<br><br>{{c1::11::number}} x {{c2::14::times}} = {{c3::154::answer}},,ttx11
Hb)KiUBl~W,Times Table<br><br>{{c1::11::number}} x {{c2::15::times}} = {{c3::165::answer}},,ttx11
DS^|TB(fA3,Times Table<br><br>{{c1::11::number}} x {{c2::16::times}} = {{c3::176::answer}},,ttx11
v2RGZ5:WCM,Times Table<br><br>{{c1::11::number}} x {{c2::17::times}} = {{c3::187::answer}},,ttx11
Q?h#Lfbh1>,Times Table<br><br>{{c1::11::number}} x {{c2::18::times}} = {{c3::198::answer}},,ttx11
e&@$%|Ee{D,Times Table<br><br>{{c1::11::number}} x {{c2::19::times}} = {{c3::209::answer}},,ttx11
bTIV^wj1t%,Times Table<br><br>{{c1::11::number}} x {{c2::20::times}} = {{c3::220::answer}},,ttx11
cBsQ(_=xJt,Times Table<br><br>{{c1::12::number}} x {{c2::1::times}} = {{c3::12::answer}},,ttx12
fWcl>a_oOE,Times Table<br><br>{{c1::12::number}} x {{c2::2::times}} = {{c3::24::answer}},,ttx12
KsM7(3=tfS,Times Table<br><br>{{c1::12::number}} x {{c2::3::times}} = {{c3::36::answer}},,ttx12
r)N<TEf@CJ,Times Table<br><br>{{c1::12::number}} x {{c2::4::times}} = {{c3::48::answer}},,ttx12
"pb>L,|f?3x",Times Table<br><br>{{c1::12::number}} x {{c2::5::times}} = {{c3::60::answer}},,ttx12
pP3F8sM5c.,Times Table<br><br>{{c1::12::number}} x {{c2::6::times}} = {{c3::72::answer}},,ttx12
E6w2yz0!=5,Times Table<br><br>{{c1::12::number}} x {{c2::7::times}} = {{c3::84::answer}},,ttx12
t!{UM]z#iK,Times Table<br><br>{{c1::12::number}} x {{c2::8::times}} = {{c3::96::answer}},,ttx12
o<YGSJ`ea*,Times Table<br><br>{{c1::12::number}} x {{c2::9::times}} = {{c3::108::answer}},,ttx12
bYc<!/QRN_,Times Table<br><br>{{c1::12::number}} x {{c2::10::times}} = {{c3::120::answer}},,ttx12
lbJSdtY=ig,Times Table<br><br>{{c1::12::number}} x {{c2::11::times}} = {{c3::132::answer}},,ttx12
IrH?hphs-H,Times Table<br><br>{{c1::12::number}} x {{c2::12::times}} = {{c3::144::answer}},,ttx12
had4XJ|mbC,Times Table<br><br>{{c1::12::number}} x {{c2::13::times}} = {{c3::156::answer}},,ttx12
oNTsr;#qNA,Times Table<br><br>{{c1::12::number}} x {{c2::14::times}} = {{c3::168::answer}},,ttx12
NHlFnB/8ho,Times Table<br><br>{{c1::12::number}} x {{c2::15::times}} = {{c3::180::answer}},,ttx12
oY{_2|t_gc,Times Table<br><br>{{c1::12::number}} x {{c2::16::times}} = {{c3::192::answer}},,ttx12
Lh/[TklEFn,Times Table<br><br>{{c1::12::number}} x {{c2::17::times}} = {{c3::204::answer}},,ttx12
yEsNPt[hmW,Times Table<br><br>{{c1::12::number}} x {{c2::18::times}} = {{c3::216::answer}},,ttx12
r<[Ki[dBV$,Times Table<br><br>{{c1::12::number}} x {{c2::19::times}} = {{c3::228::answer}},,ttx12
i`E-tG}weW,Times Table<br><br>{{c1::12::number}} x {{c2::20::times}} = {{c3::240::answer}},,ttx12
f.mBukU-yh,Times Table<br><br>{{c1::13::number}} x {{c2::1::times}} = {{c3::13::answer}},,ttx13
Oha(3$7WD6,Times Table<br><br>{{c1::13::number}} x {{c2::2::times}} = {{c3::26::answer}},,ttx13
BS[*g$x=S{,Times Table<br><br>{{c1::13::number}} x {{c2::3::times}} = {{c3::39::answer}},,ttx13
N$SkUygGI=,Times Table<br><br>{{c1::13::number}} x {{c2::4::times}} = {{c3::52::answer}},,ttx13
A|+7+nM|=:,Times Table<br><br>{{c1::13::number}} x {{c2::5::times}} = {{c3::65::answer}},,ttx13
EgLo.@~67y,Times Table<br><br>{{c1::13::number}} x {{c2::6::times}} = {{c3::78::answer}},,ttx13
jVdu7hjeB%,Times Table<br><br>{{c1::13::number}} x {{c2::7::times}} = {{c3::91::answer}},,ttx13
tane{5]{Rb,Times Table<br><br>{{c1::13::number}} x {{c2::8::times}} = {{c3::104::answer}},,ttx13
"pNFUH,~#iW",Times Table<br><br>{{c1::13::number}} x {{c2::9::times}} = {{c3::117::answer}},,ttx13
O!c<`~g.Ho,Times Table<br><br>{{c1::13::number}} x {{c2::10::times}} = {{c3::130::answer}},,ttx13
vlE1h[HD&C,Times Table<br><br>{{c1::13::number}} x {{c2::11::times}} = {{c3::143::answer}},,ttx13
Hyv7nSSl_O,Times Table<br><br>{{c1::13::number}} x {{c2::12::times}} = {{c3::156::answer}},,ttx13
Hy5B/@m^A;,Times Table<br><br>{{c1::13::number}} x {{c2::13::times}} = {{c3::169::answer}},,ttx13
v)->7#2.AG,Times Table<br><br>{{c1::13::number}} x {{c2::14::times}} = {{c3::182::answer}},,ttx13
u^9Kfqd]se,Times Table<br><br>{{c1::13::number}} x {{c2::15::times}} = {{c3::195::answer}},,ttx13
"B<qLW,T9l9",Times Table<br><br>{{c1::13::number}} x {{c2::16::times}} = {{c3::208::answer}},,ttx13
Lnwx>xiF[K,Times Table<br><br>{{c1::13::number}} x {{c2::17::times}} = {{c3::221::answer}},,ttx13
sm}||RS~=P,Times Table<br><br>{{c1::13::number}} x {{c2::18::times}} = {{c3::234::answer}},,ttx13
u1A*`v:<)0,Times Table<br><br>{{c1::13::number}} x {{c2::19::times}} = {{c3::247::answer}},,ttx13
n;kmi16Zfc,Times Table<br><br>{{c1::13::number}} x {{c2::20::times}} = {{c3::260::answer}},,ttx13
I$rpkFM%RV,Times Table<br><br>{{c1::14::number}} x {{c2::1::times}} = {{c3::14::answer}},,ttx14
nZnLrO{Q4{,Times Table<br><br>{{c1::14::number}} x {{c2::2::times}} = {{c3::28::answer}},,ttx14
Inz;!0:di!,Times Table<br><br>{{c1::14::number}} x {{c2::3::times}} = {{c3::42::answer}},,ttx14
KV;YiKPXk},Times Table<br><br>{{c1::14::number}} x {{c2::4::times}} = {{c3::56::answer}},,ttx14
"mLhb<%o{,M",Times Table<br><br>{{c1::14::number}} x {{c2::5::times}} = {{c3::70::answer}},,ttx14
"O0rl,T}}84",Times Table<br><br>{{c1::14::number}} x {{c2::6::times}} = {{c3::84::answer}},,ttx14
xl&V>ICzCw,Times Table<br><br>{{c1::14::number}} x {{c2::7::times}} = {{c3::98::answer}},,ttx14
m{>I>v[a-5,Times Table<br><br>{{c1::14::number}} x {{c2::8::times}} = {{c3::112::answer}},,ttx14
b1pXpt0p_.,Times Table<br><br>{{c1::14::number}} x {{c2::9::times}} = {{c3::126::answer}},,ttx14
L9U#>aGxha,Times Table<br><br>{{c1::14::number}} x {{c2::10::times}} = {{c3::140::answer}},,ttx14
h%NeBE?6Z*,Times Table<br><br>{{c1::14::number}} x {{c2::11::times}} = {{c3::154::answer}},,ttx14
Qit2A@(F>O,Times Table<br><br>{{c1::14::number}} x {{c2::12::times}} = {{c3::168::answer}},,ttx14
Mo3ez?+~$4,Times Table<br><br>{{c1::14::number}} x {{c2::13::times}} = {{c3::182::answer}},,ttx14
x3v|qU4_A5,Times Table<br><br>{{c1::14::number}} x {{c2::14::times}} = {{c3::196::answer}},,ttx14
"Ji<tgXN,=f",Times Table<br><br>{{c1::14::number}} x {{c2::15::times}} = {{c3::210::answer}},,ttx14
Jkf;nVzEY@,Times Table<br><br>{{c1::14::number}} x {{c2::16::times}} = {{c3::224::answer}},,ttx14
"Nc=hV,jdjh",Times Table<br><br>{{c1::14::number}} x {{c2::17::times}} = {{c3::238::answer}},,ttx14
B&_mKF]za*,Times Table<br><br>{{c1::14::number}} x {{c2::18::times}} = {{c3::252::answer}},,ttx14
Mh!9e>yvqD,Times Table<br><br>{{c1::14::number}} x {{c2::19::times}} = {{c3::266::answer}},,ttx14
g$o<-R9|>&,Times Table<br><br>{{c1::14::number}} x {{c2::20::times}} = {{c3::280::answer}},,ttx14
o=4fh=EHZp,Times Table<br><br>{{c1::15::number}} x {{c2::1::times}} = {{c3::15::answer}},,ttx15
Ge=l*=fk8m,Times Table<br><br>{{c1::15::number}} x {{c2::2::times}} = {{c3::30::answer}},,ttx15
n4TProwMq=,Times Table<br><br>{{c1::15::number}} x {{c2::3::times}} = {{c3::45::answer}},,ttx15
yjR{A#]vD],Times Table<br><br>{{c1::15::number}} x {{c2::4::times}} = {{c3::60::answer}},,ttx15
J5p$y9>J)],Times Table<br><br>{{c1::15::number}} x {{c2::5::times}} = {{c3::75::answer}},,ttx15
B978m~5cvd,Times Table<br><br>{{c1::15::number}} x {{c2::6::times}} = {{c3::90::answer}},,ttx15
dytF7~R:6G,Times Table<br><br>{{c1::15::number}} x {{c2::7::times}} = {{c3::105::answer}},,ttx15
r$IU)sMrxI,Times Table<br><br>{{c1::15::number}} x {{c2::8::times}} = {{c3::120::answer}},,ttx15
iAz?&BQVK),Times Table<br><br>{{c1::15::number}} x {{c2::9::times}} = {{c3::135::answer}},,ttx15
dEIRxq_=]L,Times Table<br><br>{{c1::15::number}} x {{c2::10::times}} = {{c3::150::answer}},,ttx15
OcJ3~~cc?M,Times Table<br><br>{{c1::15::number}} x {{c2::11::times}} = {{c3::165::answer}},,ttx15
qTgcuIM[Nn,Times Table<br><br>{{c1::15::number}} x {{c2::12::times}} = {{c3::180::answer}},,ttx15
m~9BdW(RX.,Times Table<br><br>{{c1::15::number}} x {{c2::13::times}} = {{c3::195::answer}},,ttx15
N`#PkE;A:=,Times Table<br><br>{{c1::15::number}} x {{c2::14::times}} = {{c3::210::answer}},,ttx15
D]:7P-^-U4,Times Table<br><br>{{c1::15::number}} x {{c2::15::times}} = {{c3::225::answer}},,ttx15
HTgfTqW~#E,Times Table<br><br>{{c1::15::number}} x {{c2::16::times}} = {{c3::240::answer}},,ttx15
bmx]^V>%M5,Times Table<br><br>{{c1::15::number}} x {{c2::17::times}} = {{c3::255::answer}},,ttx15
"P,2/e(SJWs",Times Table<br><br>{{c1::15::number}} x {{c2::18::times}} = {{c3::270::answer}},,ttx15
O^%:}=;5?&,Times Table<br><br>{{c1::15::number}} x {{c2::19::times}} = {{c3::285::answer}},,ttx15
"j&ac2C,H1:",Times Table<br><br>{{c1::15::number}} x {{c2::20::times}} = {{c3::300::answer}},,ttx15
rSF^I4wR_g,Times Table<br><br>{{c1::16::number}} x {{c2::1::times}} = {{c3::16::answer}},,ttx16
dIk16>MI)6,Times Table<br><br>{{c1::16::number}} x {{c2::2::times}} = {{c3::32::answer}},,ttx16
fjSH%EvQaT,Times Table<br><br>{{c1::16::number}} x {{c2::3::times}} = {{c3::48::answer}},,ttx16
MX4NENht/f,Times Table<br><br>{{c1::16::number}} x {{c2::4::times}} = {{c3::64::answer}},,ttx16
FVopf&s)D`,Times Table<br><br>{{c1::16::number}} x {{c2::5::times}} = {{c3::80::answer}},,ttx16
cB7KZr)LV:,Times Table<br><br>{{c1::16::number}} x {{c2::6::times}} = {{c3::96::answer}},,ttx16
vzyq/-t#!-,Times Table<br><br>{{c1::16::number}} x {{c2::7::times}} = {{c3::112::answer}},,ttx16
L^U*<Es9/.,Times Table<br><br>{{c1::16::number}} x {{c2::8::times}} = {{c3::128::answer}},,ttx16
f|P;^j?eGS,Times Table<br><br>{{c1::16::number}} x {{c2::9::times}} = {{c3::144::answer}},,ttx16
lN#V[n#_9<,Times Table<br><br>{{c1::16::number}} x {{c2::10::times}} = {{c3::160::answer}},,ttx16
EA8d{ai4PT,Times Table<br><br>{{c1::16::number}} x {{c2::11::times}} = {{c3::176::answer}},,ttx16
m`t!;xg~Pz,Times Table<br><br>{{c1::16::number}} x {{c2::12::times}} = {{c3::192::answer}},,ttx16
lVQQa^*4:8,Times Table<br><br>{{c1::16::number}} x {{c2::13::times}} = {{c3::208::answer}},,ttx16
ya$#%(C[J3,Times Table<br><br>{{c1::16::number}} x {{c2::14::times}} = {{c3::224::answer}},,ttx16
A~M)!2Dlt},Times Table<br><br>{{c1::16::number}} x {{c2::15::times}} = {{c3::240::answer}},,ttx16
sOn%nfKoV[,Times Table<br><br>{{c1::16::number}} x {{c2::16::times}} = {{c3::256::answer}},,ttx16
h#g7*aV6YD,Times Table<br><br>{{c1::16::number}} x {{c2::17::times}} = {{c3::272::answer}},,ttx16
bfMz@+[gxN,Times Table<br><br>{{c1::16::number}} x {{c2::18::times}} = {{c3::288::answer}},,ttx16
pB)I1B=.M~,Times Table<br><br>{{c1::16::number}} x {{c2::19::times}} = {{c3::304::answer}},,ttx16
pITFu-hP-L,Times Table<br><br>{{c1::16::number}} x {{c2::20::times}} = {{c3::320::answer}},,ttx16
"td7A_2b,3T",Times Table<br><br>{{c1::17::number}} x {{c2::1::times}} = {{c3::17::answer}},,ttx17
sf$-iPye^6,Times Table<br><br>{{c1::17::number}} x {{c2::2::times}} = {{c3::34::answer}},,ttx17
F%kDLdo8_[,Times Table<br><br>{{c1::17::number}} x {{c2::3::times}} = {{c3::51::answer}},,ttx17
"PKr,vrWE2!",Times Table<br><br>{{c1::17::number}} x {{c2::4::times}} = {{c3::68::answer}},,ttx17
n0z/HB6]JR,Times Table<br><br>{{c1::17::number}} x {{c2::5::times}} = {{c3::85::answer}},,ttx17
mAY}]3@)=q,Times Table<br><br>{{c1::17::number}} x {{c2::6::times}} = {{c3::102::answer}},,ttx17
NKZn!/0Rd2,Times Table<br><br>{{c1::17::number}} x {{c2::7::times}} = {{c3::119::answer}},,ttx17
sjK+M_~aNV,Times Table<br><br>{{c1::17::number}} x {{c2::8::times}} = {{c3::136::answer}},,ttx17
r-`9]gVr/Q,Times Table<br><br>{{c1::17::number}} x {{c2::9::times}} = {{c3::153::answer}},,ttx17
"OlBHWJ,Q-n",Times Table<br><br>{{c1::17::number}} x {{c2::10::times}} = {{c3::170::answer}},,ttx17
gF0jgFVfb[,Times Table<br><br>{{c1::17::number}} x {{c2::11::times}} = {{c3::187::answer}},,ttx17
E%~+zr)^li,Times Table<br><br>{{c1::17::number}} x {{c2::12::times}} = {{c3::204::answer}},,ttx17
n/wi#MHES6,Times Table<br><br>{{c1::17::number}} x {{c2::13::times}} = {{c3::221::answer}},,ttx17
wPIENp1G`k,Times Table<br><br>{{c1::17::number}} x {{c2::14::times}} = {{c3::238::answer}},,ttx17
sL107DXo-n,Times Table<br><br>{{c1::17::number}} x {{c2::15::times}} = {{c3::255::answer}},,ttx17
nt#vGR]fjQ,Times Table<br><br>{{c1::17::number}} x {{c2::16::times}} = {{c3::272::answer}},,ttx17
g]VIt8u--(,Times Table<br><br>{{c1::17::number}} x {{c2::17::times}} = {{c3::289::answer}},,ttx17
xf72Bv!Ntv,Times Table<br><br>{{c1::17::number}} x {{c2::18::times}} = {{c3::306::answer}},,ttx17
k=2#Nr~HUc,Times Table<br><br>{{c1::17::number}} x {{c2::19::times}} = {{c3::323::answer}},,ttx17
JIxNRNs+6w,Times Table<br><br>{{c1::17::number}} x {{c2::20::times}} = {{c3::340::answer}},,ttx17
u84Y4#YiPF,Times Table<br><br>{{c1::18::number}} x {{c2::1::times}} = {{c3::18::answer}},,ttx18
H@WAl[7NtZ,Times Table<br><br>{{c1::18::number}} x {{c2::2::times}} = {{c3::36::answer}},,ttx18
"wMk,T&}~dJ",Times Table<br><br>{{c1::18::number}} x {{c2::3::times}} = {{c3::54::answer}},,ttx18
c<C(9ae-`F,Times Table<br><br>{{c1::18::number}} x {{c2::4::times}} = {{c3::72::answer}},,ttx18
o=R^n&oB|&,Times Table<br><br>{{c1::18::number}} x {{c2::5::times}} = {{c3::90::answer}},,ttx18
y$E1J==D?V,Times Table<br><br>{{c1::18::number}} x {{c2::6::times}} = {{c3::108::answer}},,ttx18
N@fKT#CIV5,Times Table<br><br>{{c1::18::number}} x {{c2::7::times}} = {{c3::126::answer}},,ttx18
Q>u<mq:wZo,Times Table<br><br>{{c1::18::number}} x {{c2::8::times}} = {{c3::144::answer}},,ttx18
er*&(:`T)},Times Table<br><br>{{c1::18::number}} x {{c2::9::times}} = {{c3::162::answer}},,ttx18
gZ}*%8}a;e,Times Table<br><br>{{c1::18::number}} x {{c2::10::times}} = {{c3::180::answer}},,ttx18
LgXYlS%Wda,Times Table<br><br>{{c1::18::number}} x {{c2::11::times}} = {{c3::198::answer}},,ttx18
vKu(?+JG*j,Times Table<br><br>{{c1::18::number}} x {{c2::12::times}} = {{c3::216::answer}},,ttx18
C1iF`C9reu,Times Table<br><br>{{c1::18::number}} x {{c2::13::times}} = {{c3::234::answer}},,ttx18
oQ3:`!yF%3,Times Table<br><br>{{c1::18::number}} x {{c2::14::times}} = {{c3::252::answer}},,ttx18
fF^z3d[5nX,Times Table<br><br>{{c1::18::number}} x {{c2::15::times}} = {{c3::270::answer}},,ttx18
cszXU#q>8H,Times Table<br><br>{{c1::18::number}} x {{c2::16::times}} = {{c3::288::answer}},,ttx18
bdH|mRdnVG,Times Table<br><br>{{c1::18::number}} x {{c2::17::times}} = {{c3::306::answer}},,ttx18
qbZu(-7=*g,Times Table<br><br>{{c1::18::number}} x {{c2::18::times}} = {{c3::324::answer}},,ttx18
F?n9K[i<^~,Times Table<br><br>{{c1::18::number}} x {{c2::19::times}} = {{c3::342::answer}},,ttx18
K~=YI_[T}x,Times Table<br><br>{{c1::18::number}} x {{c2::20::times}} = {{c3::360::answer}},,ttx18
"E1Hkdic,}3",Times Table<br><br>{{c1::19::number}} x {{c2::1::times}} = {{c3::19::answer}},,ttx19
nyaDfn2E(g,Times Table<br><br>{{c1::19::number}} x {{c2::2::times}} = {{c3::38::answer}},,ttx19
n0/+#UWX71,Times Table<br><br>{{c1::19::number}} x {{c2::3::times}} = {{c3::57::answer}},,ttx19
HHE|$hQNsT,Times Table<br><br>{{c1::19::number}} x {{c2::4::times}} = {{c3::76::answer}},,ttx19
qO(VRE^E$o,Times Table<br><br>{{c1::19::number}} x {{c2::5::times}} = {{c3::95::answer}},,ttx19
z`xLrntMbN,Times Table<br><br>{{c1::19::number}} x {{c2::6::times}} = {{c3::114::answer}},,ttx19
d/a!YC[)_G,Times Table<br><br>{{c1::19::number}} x {{c2::7::times}} = {{c3::133::answer}},,ttx19
uR$#L}nY-T,Times Table<br><br>{{c1::19::number}} x {{c2::8::times}} = {{c3::152::answer}},,ttx19
hM?9b=|(:l,Times Table<br><br>{{c1::19::number}} x {{c2::9::times}} = {{c3::171::answer}},,ttx19
iG+oS$CU}Z,Times Table<br><br>{{c1::19::number}} x {{c2::10::times}} = {{c3::190::answer}},,ttx19
dP6z=mvy8-,Times Table<br><br>{{c1::19::number}} x {{c2::11::times}} = {{c3::209::answer}},,ttx19
D%U0mdke5O,Times Table<br><br>{{c1::19::number}} x {{c2::12::times}} = {{c3::228::answer}},,ttx19
0zCxO/5mY,Times Table<br><br>{{c1::19::number}} x {{c2::13::times}} = {{c3::247::answer}},,ttx19
K8#3B{A?@h,Times Table<br><br>{{c1::19::number}} x {{c2::14::times}} = {{c3::266::answer}},,ttx19
L5xUx16ZKG,Times Table<br><br>{{c1::19::number}} x {{c2::15::times}} = {{c3::285::answer}},,ttx19
jHeEe7e>(T,Times Table<br><br>{{c1::19::number}} x {{c2::16::times}} = {{c3::304::answer}},,ttx19
jWb?<Y=I.<,Times Table<br><br>{{c1::19::number}} x {{c2::17::times}} = {{c3::323::answer}},,ttx19
duYqcjr$+F,Times Table<br><br>{{c1::19::number}} x {{c2::18::times}} = {{c3::342::answer}},,ttx19
cnfK1ln}{N,Times Table<br><br>{{c1::19::number}} x {{c2::19::times}} = {{c3::361::answer}},,ttx19
bx)ZFL4BhI,Times Table<br><br>{{c1::19::number}} x {{c2::20::times}} = {{c3::380::answer}},,ttx19
DXl40p5wJ{,Times Table<br><br>{{c1::20::number}} x {{c2::1::times}} = {{c3::20::answer}},,ttx20
L[O}Nr^UW3,Times Table<br><br>{{c1::20::number}} x {{c2::2::times}} = {{c3::40::answer}},,ttx20
b@r}ET@3]^,Times Table<br><br>{{c1::20::number}} x {{c2::3::times}} = {{c3::60::answer}},,ttx20
uPZ?XrgQJ#,Times Table<br><br>{{c1::20::number}} x {{c2::4::times}} = {{c3::80::answer}},,ttx20
PfEuGNO/`.,Times Table<br><br>{{c1::20::number}} x {{c2::5::times}} = {{c3::100::answer}},,ttx20
u3qTlK9l-o,Times Table<br><br>{{c1::20::number}} x {{c2::6::times}} = {{c3::120::answer}},,ttx20
d!PjVA-z>2,Times Table<br><br>{{c1::20::number}} x {{c2::7::times}} = {{c3::140::answer}},,ttx20
L87n)4~u!m,Times Table<br><br>{{c1::20::number}} x {{c2::8::times}} = {{c3::160::answer}},,ttx20
LpD]MlEe~#,Times Table<br><br>{{c1::20::number}} x {{c2::9::times}} = {{c3::180::answer}},,ttx20
O$Kg_JH(*4,Times Table<br><br>{{c1::20::number}} x {{c2::10::times}} = {{c3::200::answer}},,ttx20
x!9TwG3%`I,Times Table<br><br>{{c1::20::number}} x {{c2::11::times}} = {{c3::220::answer}},,ttx20
y@+;_ii3o0,Times Table<br><br>{{c1::20::number}} x {{c2::12::times}} = {{c3::240::answer}},,ttx20
"Di,s>#&Ne",Times Table<br><br>{{c1::20::number}} x {{c2::13::times}} = {{c3::260::answer}},,ttx20
BuuMZ)mi?c,Times Table<br><br>{{c1::20::number}} x {{c2::14::times}} = {{c3::280::answer}},,ttx20
I6:I3&c&L4,Times Table<br><br>{{c1::20::number}} x {{c2::15::times}} = {{c3::300::answer}},,ttx20
zMJrC2;ZRE,Times Table<br><br>{{c1::20::number}} x {{c2::16::times}} = {{c3::320::answer}},,ttx20
PhGhh)&3^g,Times Table<br><br>{{c1::20::number}} x {{c2::17::times}} = {{c3::340::answer}},,ttx20
icK5a1he}],Times Table<br><br>{{c1::20::number}} x {{c2::18::times}} = {{c3::360::answer}},,ttx20
f&s(ya]<6W,Times Table<br><br>{{c1::20::number}} x {{c2::19::times}} = {{c3::380::answer}},,ttx20
Mne|=DD}2p,Times Table<br><br>{{c1::20::number}} x {{c2::20::times}} = {{c3::400::answer}},,ttx20
G9_sJ;d+?w,Square of {{c1::1::number}} = {{c2::1::answer}},,squares
N[};eX(|J[,Square of {{c1::2::number}} = {{c2::4::answer}},,squares
o.XTLrU9Q/,Square of {{c1::3::number}} = {{c2::9::answer}},,squares
M/{ybklNYD,Square of {{c1::4::number}} = {{c2::16::answer}},,squares
gB/EKm1+-O,Square of {{c1::5::number}} = {{c2::25::answer}},,squares
pqM(G;*b=T,Square of {{c1::6::number}} = {{c2::36::answer}},,squares
Gdg%@Z0v5Q,Square of {{c1::7::number}} = {{c2::49::answer}},,squares
m+#=enA%7y,Square of {{c1::8::number}} = {{c2::64::answer}},,squares
K~$~rXtOrv,Square of {{c1::9::number}} = {{c2::81::answer}},,squares
CqK{5}clKH,Square of {{c1::10::number}} = {{c2::100::answer}},,squares
JKiJ91D9*Z,Square of {{c1::11::number}} = {{c2::121::answer}},,squares
KW)|G^iiP[,Square of {{c1::12::number}} = {{c2::144::answer}},,squares
LFfBvZ9zug,Square of {{c1::13::number}} = {{c2::169::answer}},,squares
G2FnZ9wA^I,Square of {{c1::14::number}} = {{c2::196::answer}},,squares
"o,H#24=!38",Square of {{c1::15::number}} = {{c2::225::answer}},,squares
H@E*9lN1`-,Square of {{c1::16::number}} = {{c2::256::answer}},,squares
A.(}B23SUJ,Square of {{c1::17::number}} = {{c2::289::answer}},,squares
t<<Jwc?6vN,Square of {{c1::18::number}} = {{c2::324::answer}},,squares
eZBbe{eOuk,Square of {{c1::19::number}} = {{c2::361::answer}},,squares
N_Drd/uzFn,Square of {{c1::20::number}} = {{c2::400::answer}},,squares
o/D+rI-`R7,Cube of {{c1::1::number}} = {{c2::1::answer}},,cubes
bfe=e-_O_O,Cube of {{c1::2::number}} = {{c2::8::answer}},,cubes
O!(4qud6b[,Cube of {{c1::3::number}} = {{c2::27::answer}},,cubes
QYlxW)uZH3,Cube of {{c1::4::number}} = {{c2::64::answer}},,cubes
m]&aL|S]m8,Cube of {{c1::5::number}} = {{c2::125::answer}},,cubes
H8pvy;{iLj,Cube of {{c1::6::number}} = {{c2::216::answer}},,cubes
n:h1|Th(cQ,Cube of {{c1::7::number}} = {{c2::343::answer}},,cubes
BU#27.3fWA,Cube of {{c1::8::number}} = {{c2::512::answer}},,cubes
v}R^5`uh+=,Cube of {{c1::9::number}} = {{c2::729::answer}},,cubes
wvUn[2#@0w,Cube of {{c1::10::number}} = {{c2::1000::answer}},,cubes
o<Z-wsKz3),Cube of {{c1::11::number}} = {{c2::1331::answer}},,cubes
q{sWUFUh*F,Cube of {{c1::12::number}} = {{c2::1728::answer}},,cubes
n:b2c}6AkR,Prime number between 1 to 10<br><br>{{c1::2::number}}&nbsp;{{c2::3::answer}}&nbsp;{{c3::5::answer}}&nbsp;{{c4::7::answer}},,primes
r^G(pLXis@,Prime number between 11 to 20<br><br>{{c1::11::number}}&nbsp;{{c2::13::answer}}&nbsp;{{c3::17::answer}}&nbsp;{{c4::19::answer}},,primes
r{[W9K@<?3,Prime number between 21 to 30<br><br>{{c1::23::number}}&nbsp;{{c2::29::answer}},,primes
yf)7f0f%:D,Prime number between 31 to 40<br><br>{{c1::31::number}}&nbsp;{{c2::37::answer}},,primes
"g?3]`+,QbT",Prime number between 41 to 50<br><br>{{c1::41::number}}&nbsp;{{c2::43::answer}}&nbsp;{{c3::47::answer}},,primes
b~oYE3tIIm,Prime number between 51 to 60<br><br>{{c1::53::number}}&nbsp;{{c2::59::answer}},,primes
M!UPu|zuHm,Prime number between 61 to 70<br><br>{{c1::61::number}}&nbsp;{{c2::67::answer}},,primes
FMY[F1<.^@,Prime number between 71 to 80<br><br>{{c1::71::number}}&nbsp;{{c2::73::answer}}&nbsp;{{c2::79::answer}},,primes
p~nK;&ivj],Prime number between 81 to 90<br><br>{{c1::83::number}}&nbsp;{{c2::89::answer}},,primes
j11$ENYH!r,Prime number between 91 to 100<br><br>{{c1::97::number}},,primes
KUQ0S`K<`,Different ways of saying the same thing<br><br>{{c1::\(\frac 12\)::fraction}}&nbsp;= {{c2::0.5::decimal}} = {{c3::50%::percentage}},,fractions
A5J:zT|&&r,Different ways of saying the same thing<br><br>{{c1::\(\frac 13\)::fraction}}&nbsp;= {{c2::0.3333::decimal}} = {{c3::33.33%::percentage}},,fractions
mQ[BuKexFg,Different ways of saying the same thing<br><br>{{c1::\(\frac 14\)::fraction}}&nbsp;= {{c2::0.25::decimal}} = {{c3::25%::percentage}},,fractions
e?kKhsc0]6,Different ways of saying the same thing<br><br>{{c1::\(\frac 15\)::fraction}}&nbsp;= {{c2::0.2::decimal}} = {{c3::20%::percentage}},,fractions
JaC:Chmy)2,Different ways of saying the same thing<br><br>{{c1::\(\frac 16\)::fraction}}&nbsp;= {{c2::0.1667::decimal}} = {{c3::16.67%::percentage}},,fractions
f9q3~(-=5A,Different ways of saying the same thing<br><br>{{c1::\(\frac 17\)::fraction}}&nbsp;= {{c2::0.1428::decimal}} = {{c3::14.28%::percentage}},,fractions
JtUkVBxzm7,Different ways of saying the same thing<br><br>{{c1::\(\frac 18\)::fraction}}&nbsp;= {{c2::0.125::decimal}} = {{c3::12.5%::percentage}},,fractions
"t,}wv8#C0)",Different ways of saying the same thing<br><br>{{c1::\(\frac 19\)::fraction}}&nbsp;= {{c2::0.1111::decimal}} = {{c3::11.11%::percentage}},,fractions
